{
  "version": 1,
  "author": "Anonymous maker",
  "editor": "wokwi",
  "parts": [
    {
      "type": "wokwi-breadboard",
      "id": "bb1",
      "top": -23.8,
      "left": 23.2,
      "rotate": 90,
      "attrs": {}
    },
    { "type": "wokwi-arduino-uno", "id": "uno", "top": 10.2, "left": -77.4, "attrs": {} },
    {
      "type": "wokwi-led",
      "id": "led1",
      "top": -193.2,
      "left": 333,
      "rotate": 90,
      "attrs": { "color": "red" }
    },
    {
      "type": "wokwi-led",
      "id": "led2",
      "top": -222,
      "left": 333,
      "rotate": 90,
      "attrs": { "color": "red" }
    },
    {
      "type": "wokwi-pushbutton-6mm",
      "id": "btn1",
      "top": -143,
      "left": 311.2,
      "rotate": 90,
      "attrs": { "color": "green", "xray": "1" }
    },
    {
      "type": "wokwi-pushbutton-6mm",
      "id": "btn2",
      "top": -95,
      "left": 311.2,
      "rotate": 90,
      "attrs": { "color": "green", "xray": "1" }
    },
    {
      "type": "wokwi-pushbutton-6mm",
      "id": "btn3",
      "top": -47,
      "left": 311.2,
      "rotate": 90,
      "attrs": { "color": "green", "xray": "1" }
    },
    {
      "type": "wokwi-pushbutton-6mm",
      "id": "btn4",
      "top": 1,
      "left": 311.2,
      "rotate": 90,
      "attrs": { "color": "green", "xray": "1" }
    }
  ],
  "connections": [
    [ "uno:5V", "bb1:bp.50", "red", [ "v0" ] ],
    [ "uno:GND.2", "bb1:bn.50", "black", [ "v0" ] ],
    [ "bb1:12b.j", "bb1:bn.9", "black", [ "h0" ] ],
    [ "bb1:6b.j", "bb1:bn.4", "black", [ "h0" ] ],
    [ "bb1:3b.j", "bb1:bn.1", "black", [ "h0" ] ],
    [ "bb1:4b.j", "uno:7", "magenta", [ "h0" ] ],
    [ "bb1:7b.j", "uno:6", "magenta", [ "h0" ] ],
    [ "bb1:9b.j", "uno:3", "green", [ "h-144", "v124.8" ] ],
    [ "bb1:14b.j", "uno:2", "orange", [ "h-134.4", "v67.2" ] ],
    [ "bb1:17b.j", "bb1:bn.13", "black", [ "h0" ] ],
    [ "bb1:27b.j", "bb1:bn.21", "black", [ "h0" ] ],
    [ "bb1:22b.j", "bb1:bn.17", "black", [ "h0" ] ],
    [ "bb1:19b.j", "uno:5", "limegreen", [ "h0" ] ],
    [ "bb1:24b.j", "uno:4", "gold", [ "h0" ] ],
    [ "led1:A", "bb1:7b.f", "", [ "$bb" ] ],
    [ "led1:C", "bb1:6b.f", "", [ "$bb" ] ],
    [ "led2:A", "bb1:4b.f", "", [ "$bb" ] ],
    [ "led2:C", "bb1:3b.f", "", [ "$bb" ] ],
    [ "btn2:1.l", "bb1:14b.f", "", [ "$bb" ] ],
    [ "btn2:2.l", "bb1:14b.h", "", [ "$bb" ] ],
    [ "btn2:1.r", "bb1:17b.f", "", [ "$bb" ] ],
    [ "btn2:2.r", "bb1:17b.h", "", [ "$bb" ] ],
    [ "btn1:1.l", "bb1:9b.f", "", [ "$bb" ] ],
    [ "btn1:2.l", "bb1:9b.h", "", [ "$bb" ] ],
    [ "btn1:1.r", "bb1:12b.f", "", [ "$bb" ] ],
    [ "btn1:2.r", "bb1:12b.h", "", [ "$bb" ] ],
    [ "btn3:1.l", "bb1:19b.f", "", [ "$bb" ] ],
    [ "btn3:2.l", "bb1:19b.h", "", [ "$bb" ] ],
    [ "btn3:1.r", "bb1:22b.f", "", [ "$bb" ] ],
    [ "btn3:2.r", "bb1:22b.h", "", [ "$bb" ] ],
    [ "btn4:1.l", "bb1:24b.f", "", [ "$bb" ] ],
    [ "btn4:2.l", "bb1:24b.h", "", [ "$bb" ] ],
    [ "btn4:1.r", "bb1:27b.f", "", [ "$bb" ] ],
    [ "btn4:2.r", "bb1:27b.h", "", [ "$bb" ] ]
  ],
  "dependencies": {}
}